{
  "products": [
    {
      "id": "p1",
      "name": "Hydrating Face Cream",
      "description": "Deeply moisturizing face cream with hyaluronic acid",
      "price": 32.99,
      "image": "./assets/images/products/serum.jpg",
      "category": "Face",
      "rating": 4.5,
      "reviewCount": 128,
      "inStock": true,
      "ingredients": ["Hyaluronic Acid", "Aloe Vera", "Vitamin E"],
      "volume": "50ml"
    },
    {
      "id": "p2",
      "name": "Vitamin C Serum",
      "description": "Brightening serum with 20% Vitamin C for radiant skin",
      "price": 45.99,
      "image": "https://images.unsplash.com/photo-1556228578-2c851f0aa8e0?w=500&auto=format&fit=crop&q=60",
      "category": "Face",
      "rating": 4.8,
      "reviewCount": 245,
      "inStock": true,
      "ingredients": ["Vitamin C", "Ferulic Acid", "Vitamin E"],
      "volume": "30ml"
    },
    {
      "id": "p3",
      "name": "Nourishing Hair Mask",
      "description": "Repairing hair mask with argan oil and keratin",
      "price": 28.50,
      "image": "https://images.unsplash.com/photo-1600334129128-685c5582fd35?w=500&auto=format&fit=crop&q=60",
      "category": "Hair",
      "rating": 4.7,
      "reviewCount": 189,
      "inStock": true,
      "ingredients": ["Argan Oil", "Keratin", "Shea Butter"],
      "volume": "200ml"
    },
    {
      "id": "p4",
      "name": "Body Butter",
      "description": "Rich body butter with shea and cocoa butter",
      "price": 24.99,
      "image": "https://images.unsplash.com/photo-1611934188042-1af9282db58f?w=500&auto=format&fit=crop&q=60",
      "category": "Body",
      "rating": 4.6,
      "reviewCount": 312,
      "inStock": true,
      "ingredients": ["Shea Butter", "Cocoa Butter", "Vitamin E"],
      "volume": "200ml"
    },
    {
      "id": "p5",
      "name": "Lip Balm Set",
      "description": "Set of 3 nourishing lip balms with natural flavors",
      "price": 18.99,
      "image": "https://images.unsplash.com/photo-1607602132700-06899d6eeaa4?w=500&auto=format&fit=crop&q=60",
      "category": "Lips",
      "rating": 4.9,
      "reviewCount": 421,
      "inStock": true,
      "ingredients": ["Beeswax", "Coconut Oil", "Shea Butter"],
      "flavors": ["Berry", "Vanilla", "Mint"]
    }
  ],
  "users": [
    {
      "id": "u1",
      "email": "user@example.com",
      "password": "hashed_password_here",
      "name": "John Doe",
      "addresses": [
        {
          "id": "a1",
          "street": "123 Beauty St",
          "city": "Paris",
          "postalCode": "75001",
          "country": "France",
          "isDefault": true
        }
      ],
      "orders": [],
      "wishlist": []
    }
  ],
  "categories": [
    { "id": "c1", "name": "Face", "slug": "face" },
    { "id": "c2", "name": "Body", "slug": "body" },
    { "id": "c3", "name": "Hair", "slug": "hair" },
    { "id": "c4", "name": "Lips", "slug": "lips" },
    { "id": "c5", "name": "Eyes", "slug": "eyes" }
  ]
}
